epoch,Precision,Recall,accuracy,auc,learning_rate,loss,val_Precision,val_Recall,val_accuracy,val_auc,val_loss
0,0.5061403512954712,0.5076033473014832,0.542069673538208,0.5514144897460938,9.999999747378752e-05,1.8921592235565186,0.6450648307800293,0.3252891004085541,0.6041958332061768,0.5131750106811523,1.7286778688430786
1,0.5332399606704712,0.5262033343315125,0.5667754411697388,0.5857256650924683,9.999999747378752e-05,1.7907675504684448,0.4722222089767456,0.008547008968889713,0.535897433757782,0.460354208946228,2.305864095687866
2,0.5546706914901733,0.5514641404151917,0.586761474609375,0.6241380572319031,9.999999747378752e-05,1.6985729932785034,0.6423611044883728,0.09301156550645828,0.5554778575897217,0.49773111939430237,1.8286900520324707
