epoch,accuracy,learning_rate,loss,top_2_accuracy,val_accuracy,val_loss,val_top_2_accuracy
0,0.29978641867637634,9.999999747378752e-05,2.4812328815460205,0.518155574798584,0.2838449776172638,2.316415786743164,0.4690488278865814
1,0.3318256139755249,9.999999747378752e-05,2.3329169750213623,0.5577333569526672,0.2299949675798416,2.4534592628479004,0.47408151626586914
2,0.35670310258865356,9.999999747378752e-05,2.2420501708984375,0.5789672136306763,0.21892300248146057,2.8230419158935547,0.5244086384773254
3,0.3859781324863434,9.999999747378752e-05,2.183699607849121,0.6023370027542114,0.3537997007369995,2.3068745136260986,0.5943633913993835
4,0.39766302704811096,8.999999408842996e-05,2.111774206161499,0.632617175579071,0.2154000997543335,3.092966079711914,0.5666834712028503
5,0.40784019231796265,8.999999408842996e-05,2.0867581367492676,0.6331197619438171,0.21791645884513855,2.8899807929992676,0.5430296659469604
6,0.42266616225242615,8.999999408842996e-05,2.035804271697998,0.6417891979217529,0.22194263339042664,2.669252872467041,0.5213890075683594
7,0.42995351552963257,8.999999408842996e-05,1.9923893213272095,0.6640281677246094,0.22747860848903656,2.947374105453491,0.44287872314453125
8,0.44163841009140015,8.999999408842996e-05,1.9560214281082153,0.6597562432289124,0.28132864832878113,2.2049853801727295,0.5088072419166565
