epoch,AUC,Precision,Recall,accuracy,learning_rate,loss,val_AUC,val_Precision,val_Recall,val_accuracy,val_loss
0,0.5194571614265442,0.22107438743114471,0.054503776133060455,0.21487392485141754,0.0010000000474974513,6.612199783325195,0.5503989458084106,0.0,0.0,0.21183271706104279,3.704838275909424
1,0.5232908725738525,0.2114361673593521,0.026997199282050133,0.2236182987689972,0.0010000000474974513,3.0778331756591797,0.5403723120689392,0.0,0.0,0.21251274645328522,2.5170207023620605
2,0.5313524603843689,0.23402340710163116,0.022073181346058846,0.22760845720767975,0.0010000000474974513,2.3033366203308105,0.53461092710495,0.0,0.0,0.21183271706104279,2.2276382446289062
3,0.5296428799629211,0.21806451678276062,0.014347568154335022,0.22658969461917877,0.0010000000474974513,1.9751912355422974,0.48972728848457336,0.0,0.0,0.1866711974143982,2.192780017852783
4,0.5344097018241882,0.23157894611358643,0.011206383816897869,0.231768399477005,0.0010000000474974513,1.8316640853881836,0.5606695413589478,0.0,0.0,0.21183271706104279,1.7613856792449951
