epoch,AUC,Precision,Recall,accuracy,learning_rate,loss,val_AUC,val_Precision,val_Recall,val_accuracy,val_loss
0,0.5898040533065796,0.2943665683269501,0.10018903762102127,0.28850480914115906,0.0010000000474974513,6.567728042602539,0.6959866285324097,0.0,0.0,0.38392212986946106,3.5216569900512695
1,0.6445555090904236,0.34535902738571167,0.08875686675310135,0.333873450756073,0.0010000000474974513,2.882650136947632,0.689368486404419,0.0,0.0,0.38392212986946106,2.204214334487915
2,0.6535900235176086,0.32997986674308777,0.05905121937394142,0.34197497367858887,0.0010000000474974513,2.0936601161956787,0.6531530618667603,0.0,0.0,0.2624369263648987,1.8889007568359375
3,0.6613239049911499,0.33458930253982544,0.03996759280562401,0.3489963114261627,0.0010000000474974513,1.7982842922210693,0.3695937395095825,0.0,0.0,0.12941600382328033,1.9758501052856445
4,0.6667614579200745,0.3126294016838074,0.027185164391994476,0.3562876880168915,0.0010000000474974513,1.659090518951416,0.5880457162857056,0.0,0.0,0.14275415241718292,1.7896095514297485
5,0.6713989973068237,0.2993103563785553,0.019533710554242134,0.36519938707351685,0.0010000000474974513,1.6001803874969482,0.6508700847625732,0.38392212986946106,0.38392212986946106,0.38392212986946106,1.8437234163284302
